127.0.0.1,localhost,http://127.18778/,other,,,,AR,local,,,,,,,,,"December 18, 2020 09:21:29 PM"
127.0.0.1,localhost,http://127.18778/,other,,,,AR,local,,,,,,,,,"December 18, 2020 09:23:02 PM"
127.0.0.1,localhost,http://127.18778/,other,,,,AR,local,,,,,,,,,"December 19, 2020 01:45:09 AM"
127.0.0.1,localhost,http://127.18778/AppAdmin/Login,other,,,,AR,local,,,,,,,,,"December 19, 2020 01:45:26 AM"
127.0.0.1,localhost,http://127.18778/AppAdmin/Login,other,,,,AR,local,,,,,,,,,"December 19, 2020 01:45:27 AM"
127.0.0.1,localhost,http://127.18778/AppAdmin/Login,other,,,,AR,local,,,,,,,,,"December 19, 2020 01:45:37 AM"
127.0.0.1,localhost,http://127.18778/AppAdmin/Login,other,,,,AR,local,,,,,,,,,"December 19, 2020 01:45:51 AM"
127.0.0.1,localhost,http://127.18778/AppAdmin/Login,other,,,,AR,local,,,,,,,,,"December 19, 2020 01:47:56 AM"
127.0.0.1,localhost,http://127.18778/AppAdmin/Login,other,,,,AR,local,,,,,,,,,"December 19, 2020 01:48:04 AM"
127.0.0.1,localhost,http://127.18778/AppAdmin/Login,other,,,,AR,local,,,,,,,,,"December 19, 2020 01:48:38 AM"
127.0.0.1,localhost,http://127.18778/AppAdmin/Login,other,,,,AR,local,,,,,,,,,"December 19, 2020 01:48:40 AM"
127.0.0.1,localhost,http://127.18787/,other,,,,AR,local,,,,,,,,,"December 19, 2020 01:58:16 AM"
127.0.0.1,localhost,http://127.18787/,other,,,,AR,local,,,,,,,,,"December 19, 2020 01:59:41 AM"
127.0.0.1,localhost,http://127.18787/admin,other,,,,AR,local,,,,,,,,,"December 19, 2020 02:00:49 AM"
127.0.0.1,localhost,http://127.18787/appadmin,other,,,,AR,local,,,,,,,,,"December 19, 2020 02:00:51 AM"
127.0.0.1,localhost,http://127.18787/appadmin/home,other,,,,AR,local,,,,,,,,,"December 19, 2020 02:00:52 AM"
127.0.0.1,localhost,http://127.18787/appadmin/home,other,,,,AR,local,,,,,,,,,"December 19, 2020 02:04:08 AM"
127.0.0.1,localhost,http://127.18787/appadmin/home,other,,,,AR,local,,,,,,,,,"December 19, 2020 02:04:27 AM"
127.0.0.1,localhost,http://127.18787/appadmin/home,other,,,,AR,local,,,,,,,,,"December 19, 2020 02:04:49 AM"
127.0.0.1,localhost,http://127.18787/appadmin/home,other,,,,AR,local,,,,,,,,,"December 19, 2020 02:10:04 AM"
127.0.0.1,localhost,http://127.18787/,other,,,,AR,local,,,,,,,,,"December 19, 2020 02:10:14 AM"
127.0.0.1,localhost,http://127.16987/,other,,,,AR,local,,,,,,,,,"December 19, 2020 01:33:52 PM"
127.0.0.1,localhost,http://127.16987//appadmin/home,other,,,,AR,local,,,,,,,,,"December 19, 2020 01:34:15 PM"
127.0.0.1,localhost,http://127.16987/appadmin/home,other,,,,AR,local,,,,,,,,,"December 19, 2020 01:34:20 PM"
127.0.0.1,localhost,http://127.16987/appadmin/login,other,,,,AR,local,,,,,,,,,"December 19, 2020 01:37:23 PM"
127.0.0.1,localhost,http://127.16987/appadmin/login,other,,,,AR,local,,,,,,,,,"December 19, 2020 01:37:48 PM"
127.0.0.1,localhost,http://127.16987/appadmin/login,other,,,,AR,local,,,,,,,,,"December 19, 2020 01:37:58 PM"
127.0.0.1,localhost,http://127.16987/appadmin/login,other,,,,AR,local,,,,,,,,,"December 19, 2020 01:41:50 PM"
127.0.0.1,localhost,http://127.16987/appadmin/login,other,,,,AR,local,,,,,,,,,"December 19, 2020 01:41:53 PM"
127.0.0.1,localhost,http://127.16987/appadmin/login,other,,,,AR,local,,,,,,,,,"December 19, 2020 01:41:53 PM"
127.0.0.1,localhost,http://127.16987/appadmin/login,other,,,,AR,local,,,,,,,,,"December 19, 2020 01:42:32 PM"
127.0.0.1,localhost,http://127.16987/org/login,other,,,,AR,local,,,,,,,,,"December 19, 2020 01:45:30 PM"
127.0.0.1,localhost,http://127.16987/org/login,other,,,,AR,local,,,,,,,,,"December 19, 2020 01:45:42 PM"
127.0.0.1,localhost,http://127.16987/appadmin/login,other,,,,AR,local,,,,,,,,,"December 19, 2020 01:57:15 PM"
127.0.0.1,localhost,http://127.16987/appadmin/login,other,,,,AR,local,,,,,,,,,"December 19, 2020 01:57:20 PM"
127.0.0.1,localhost,http://127.16987/appadmin/login,other,,,,AR,local,,,,,,,,,"December 19, 2020 01:57:38 PM"
127.0.0.1,localhost,http://127.16987/appadmin/login,other,,,,AR,local,,,,,,,,,"December 19, 2020 01:57:39 PM"
127.0.0.1,localhost,http://127.16987/appadmin/login,other,,,,AR,local,,,,,,,,,"December 19, 2020 01:57:45 PM"
127.0.0.1,localhost,http://127.16987/appadmin/login,other,,,,AR,local,,,,,,,,,"December 19, 2020 01:58:05 PM"
127.0.0.1,localhost,http://127.16987/appadmin/login,other,,,,AR,local,,,,,,,,,"December 19, 2020 01:58:08 PM"
127.0.0.1,localhost,http://127.16987/appadmin/login,other,,,,AR,local,,,,,,,,,"December 19, 2020 01:58:13 PM"
127.0.0.1,localhost,http://127.16987/appadmin/login,other,,,,AR,local,,,,,,,,,"December 19, 2020 01:58:13 PM"
127.0.0.1,localhost,http://127.16987/appadmin/login,other,,,,AR,local,,,,,,,,,"December 19, 2020 01:58:41 PM"
127.0.0.1,localhost,http://127.16987/appadmin/login,other,,,,AR,local,,,,,,,,,"December 19, 2020 01:58:46 PM"
127.0.0.1,localhost,http://127.16987/appadmin,other,,,,AR,local,,,,,,,,,"December 19, 2020 01:58:46 PM"
127.0.0.1,localhost,http://127.16987/appadmin/home,other,,,,AR,local,,,,,,,,,"December 19, 2020 01:58:46 PM"
127.0.0.1,localhost,http://127.16987/appadmin/home,other,,,,AR,local,,,,,,,,,"December 19, 2020 01:59:20 PM"
127.0.0.1,localhost,http://127.16987/admin/login,other,,,,AR,local,,,,,,,,,"December 19, 2020 01:59:20 PM"
127.0.0.1,localhost,http://127.16987/appadmin/login,other,,,,AR,local,,,,,,,,,"December 19, 2020 01:59:59 PM"
127.0.0.1,localhost,http://127.16987/appadmin,other,,,,AR,local,,,,,,,,,"December 19, 2020 01:59:59 PM"
127.0.0.1,localhost,http://127.16987/appadmin/home,other,,,,AR,local,,,,,,,,,"December 19, 2020 02:00:00 PM"
127.0.0.1,localhost,http://127.16987/appadmin/home,other,,,,AR,local,,,,,,,,,"December 19, 2020 02:00:01 PM"
127.0.0.1,localhost,http://127.16987/appadmin/home,other,,,,AR,local,,,,,,,,,"December 19, 2020 02:00:20 PM"
127.0.0.1,localhost,http://127.16987/appadmin/home,other,,,,AR,local,,,,,,,,,"December 19, 2020 02:03:00 PM"
127.0.0.1,localhost,http://127.16987/admin/questiondetales,other,,,,AR,local,,,,,,,,,"December 19, 2020 02:04:45 PM"
127.0.0.1,localhost,http://127.16987/admin/questiondetales,other,,,,AR,local,,,,,,,,,"December 19, 2020 02:04:46 PM"
127.0.0.1,localhost,http://127.16987/appadmin/home,other,,,,AR,local,,,,,,,,,"December 19, 2020 02:04:49 PM"
127.0.0.1,localhost,http://127.16987/appadmin/home,other,,,,AR,local,,,,,,,,,"December 19, 2020 02:05:51 PM"
127.0.0.1,localhost,http://127.16987/appadmin/home,other,,,,AR,local,,,,,,,,,"December 19, 2020 02:06:38 PM"
127.0.0.1,localhost,http://127.16987/appadmin/home,other,,,,AR,local,,,,,,,,,"December 19, 2020 02:07:02 PM"
127.0.0.1,localhost,http://127.16987/appadmin/home,other,,,,AR,local,,,,,,,,,"December 19, 2020 02:07:24 PM"
127.0.0.1,localhost,http://127.16987/appadmin/home,other,,,,AR,local,,,,,,,,,"December 19, 2020 02:08:31 PM"
127.0.0.1,localhost,http://127.16987/appadmin/home,other,,,,AR,local,,,,,,,,,"December 19, 2020 02:09:02 PM"
127.0.0.1,localhost,http://127.16987/appadmin/home,other,,,,AR,local,,,,,,,,,"December 19, 2020 02:09:55 PM"
127.0.0.1,localhost,http://127.16987/appadmin/home,other,,,,AR,local,,,,,,,,,"December 19, 2020 02:13:57 PM"
127.0.0.1,localhost,http://127.16987/appadmin/home,other,,,,AR,local,,,,,,,,,"December 19, 2020 02:15:33 PM"
127.0.0.1,localhost,http://127.16987/appadmin/home,other,,,,AR,local,,,,,,,,,"December 19, 2020 02:16:38 PM"
127.0.0.1,localhost,http://127.16987/appadmin/home,other,,,,AR,local,,,,,,,,,"December 19, 2020 02:50:12 PM"
127.0.0.1,localhost,http://127.16987/appadmin/home,other,,,,AR,local,,,,,,,,,"December 19, 2020 02:50:43 PM"
127.0.0.1,localhost,http://127.16987/appadmin/home,other,,,,AR,local,,,,,,,,,"December 19, 2020 02:54:28 PM"
127.0.0.1,localhost,http://127.16987/appadmin/home,other,,,,AR,local,,,,,,,,,"December 19, 2020 02:54:35 PM"
127.0.0.1,localhost,http://127.16987/appadmin/home,other,,,,AR,local,,,,,,,,,"December 19, 2020 02:55:27 PM"
127.0.0.1,localhost,http://127.16987/appadmin/home,other,,,,AR,local,,,,,,,,,"December 19, 2020 03:03:21 PM"
127.0.0.1,localhost,http://127.16987/appadmin/home,other,,,,AR,local,,,,,,,,,"December 19, 2020 03:03:37 PM"
127.0.0.1,localhost,http://127.16987/appadmin/home,other,,,,AR,local,,,,,,,,,"December 19, 2020 03:03:52 PM"
127.0.0.1,localhost,http://127.16987/appadmin/home,other,,,,AR,local,,,,,,,,,"December 19, 2020 03:04:04 PM"
127.0.0.1,localhost,http://127.18787/,other,,,,AR,local,,,,,,,,,"December 20, 2020 12:52:45 PM"
127.0.0.1,localhost,http://127.18787/admin,other,,,,AR,local,,,,,,,,,"December 20, 2020 12:54:41 PM"
127.0.0.1,localhost,http://127.18787/appadmin,other,,,,AR,local,,,,,,,,,"December 20, 2020 12:54:45 PM"
127.0.0.1,localhost,http://127.18787/appadmin/home,other,,,,AR,local,,,,,,,,,"December 20, 2020 12:54:45 PM"
127.0.0.1,localhost,http://127.18787/appadmin,other,,,,AR,local,,,,,,,,,"December 20, 2020 12:54:46 PM"
127.0.0.1,localhost,http://127.18787/appadmin/home,other,,,,AR,local,,,,,,,,,"December 20, 2020 12:54:46 PM"
127.0.0.1,localhost,http://127.18787/appadmin,other,,,,AR,local,,,,,,,,,"December 20, 2020 12:54:46 PM"
127.0.0.1,localhost,http://127.18787/appadmin/home,other,,,,AR,local,,,,,,,,,"December 20, 2020 12:54:46 PM"
127.0.0.1,localhost,http://127.18787/appadmin,other,,,,AR,local,,,,,,,,,"December 20, 2020 12:54:46 PM"
127.0.0.1,localhost,http://127.18787/appadmin/home,other,,,,AR,local,,,,,,,,,"December 20, 2020 12:54:47 PM"
127.0.0.1,localhost,http://127.18787/appadmin,other,,,,AR,local,,,,,,,,,"December 20, 2020 12:54:47 PM"
127.0.0.1,localhost,http://127.18787/appadmin/home,other,,,,AR,local,,,,,,,,,"December 20, 2020 12:54:47 PM"
127.0.0.1,localhost,http://127.18787/appadmin,other,,,,AR,local,,,,,,,,,"December 20, 2020 12:54:48 PM"
127.0.0.1,localhost,http://127.18787/appadmin/home,other,,,,AR,local,,,,,,,,,"December 20, 2020 12:54:48 PM"
127.0.0.1,localhost,http://127.18787/appadmin,other,,,,AR,local,,,,,,,,,"December 20, 2020 12:54:48 PM"
127.0.0.1,localhost,http://127.18787/appadmin/home,other,,,,AR,local,,,,,,,,,"December 20, 2020 12:54:48 PM"
127.0.0.1,localhost,http://127.18787/appadmin,other,,,,AR,local,,,,,,,,,"December 20, 2020 12:54:48 PM"
127.0.0.1,localhost,http://127.18787/appadmin/home,other,,,,AR,local,,,,,,,,,"December 20, 2020 12:54:49 PM"
127.0.0.1,localhost,http://127.18787/appadmin,other,,,,AR,local,,,,,,,,,"December 20, 2020 12:54:49 PM"
127.0.0.1,localhost,http://127.18787/appadmin/home,other,,,,AR,local,,,,,,,,,"December 20, 2020 12:54:49 PM"
127.0.0.1,localhost,http://127.18787/appadmin,other,,,,AR,local,,,,,,,,,"December 20, 2020 12:54:49 PM"
127.0.0.1,localhost,http://127.18787/appadmin/home,other,,,,AR,local,,,,,,,,,"December 20, 2020 12:54:49 PM"
127.0.0.1,localhost,http://127.18787/appadmin/home,other,,,,AR,local,,,,,,,,,"December 20, 2020 12:54:52 PM"
127.0.0.1,localhost,http://127.18787/appadmin,other,,,,AR,local,,,,,,,,,"December 20, 2020 12:54:52 PM"
127.0.0.1,localhost,http://127.18787/appadmin/home,other,,,,AR,local,,,,,,,,,"December 20, 2020 12:54:52 PM"
127.0.0.1,localhost,http://127.18787/appadmin,other,,,,AR,local,,,,,,,,,"December 20, 2020 12:54:52 PM"
127.0.0.1,localhost,http://127.18787/appadmin/home,other,,,,AR,local,,,,,,,,,"December 20, 2020 12:54:53 PM"
127.0.0.1,localhost,http://127.18787/appadmin,other,,,,AR,local,,,,,,,,,"December 20, 2020 12:54:53 PM"
127.0.0.1,localhost,http://127.18787/appadmin/home,other,,,,AR,local,,,,,,,,,"December 20, 2020 12:54:53 PM"
127.0.0.1,localhost,http://127.18787/appadmin,other,,,,AR,local,,,,,,,,,"December 20, 2020 12:54:53 PM"
127.0.0.1,localhost,http://127.18787/appadmin/home,other,,,,AR,local,,,,,,,,,"December 20, 2020 12:54:53 PM"
127.0.0.1,localhost,http://127.18787/appadmin,other,,,,AR,local,,,,,,,,,"December 20, 2020 12:54:54 PM"
127.0.0.1,localhost,http://127.18787/appadmin/home,other,,,,AR,local,,,,,,,,,"December 20, 2020 12:54:54 PM"
127.0.0.1,localhost,http://127.18787/appadmin,other,,,,AR,local,,,,,,,,,"December 20, 2020 12:54:54 PM"
127.0.0.1,localhost,http://127.18787/appadmin/home,other,,,,AR,local,,,,,,,,,"December 20, 2020 12:54:54 PM"
127.0.0.1,localhost,http://127.18787/appadmin,other,,,,AR,local,,,,,,,,,"December 20, 2020 12:54:54 PM"
127.0.0.1,localhost,http://127.18787/appadmin/home,other,,,,AR,local,,,,,,,,,"December 20, 2020 12:54:55 PM"
127.0.0.1,localhost,http://127.18787/appadmin,other,,,,AR,local,,,,,,,,,"December 20, 2020 12:54:55 PM"
127.0.0.1,localhost,http://127.18787/appadmin/home,other,,,,AR,local,,,,,,,,,"December 20, 2020 12:54:55 PM"
127.0.0.1,localhost,http://127.18787/appadmin,other,,,,AR,local,,,,,,,,,"December 20, 2020 12:54:55 PM"
127.0.0.1,localhost,http://127.18787/appadmin/home,other,,,,AR,local,,,,,,,,,"December 20, 2020 12:54:55 PM"
127.0.0.1,localhost,http://127.18787/appadmin,other,,,,AR,local,,,,,,,,,"December 20, 2020 12:54:56 PM"
127.0.0.1,localhost,http://127.18787/appadmin,other,,,,AR,local,,,,,,,,,"December 20, 2020 12:55:01 PM"
127.0.0.1,localhost,http://127.18787/appadmin/home,other,,,,AR,local,,,,,,,,,"December 20, 2020 12:55:01 PM"
127.0.0.1,localhost,http://127.18787/appadmin,other,,,,AR,local,,,,,,,,,"December 20, 2020 12:55:01 PM"
127.0.0.1,localhost,http://127.18787/appadmin/home,other,,,,AR,local,,,,,,,,,"December 20, 2020 12:55:01 PM"
127.0.0.1,localhost,http://127.18787/appadmin,other,,,,AR,local,,,,,,,,,"December 20, 2020 12:55:01 PM"
127.0.0.1,localhost,http://127.18787/appadmin/home,other,,,,AR,local,,,,,,,,,"December 20, 2020 12:55:02 PM"
127.0.0.1,localhost,http://127.18787/appadmin,other,,,,AR,local,,,,,,,,,"December 20, 2020 12:55:02 PM"
127.0.0.1,localhost,http://127.18787/appadmin/home,other,,,,AR,local,,,,,,,,,"December 20, 2020 12:55:02 PM"
127.0.0.1,localhost,http://127.18787/appadmin,other,,,,AR,local,,,,,,,,,"December 20, 2020 12:55:02 PM"
127.0.0.1,localhost,http://127.18787/appadmin/home,other,,,,AR,local,,,,,,,,,"December 20, 2020 12:55:02 PM"
127.0.0.1,localhost,http://127.18787/appadmin,other,,,,AR,local,,,,,,,,,"December 20, 2020 12:55:03 PM"
127.0.0.1,localhost,http://127.18787/appadmin/home,other,,,,AR,local,,,,,,,,,"December 20, 2020 12:55:03 PM"
127.0.0.1,localhost,http://127.18787/appadmin,other,,,,AR,local,,,,,,,,,"December 20, 2020 12:55:03 PM"
127.0.0.1,localhost,http://127.18787/appadmin/home,other,,,,AR,local,,,,,,,,,"December 20, 2020 12:55:03 PM"
127.0.0.1,localhost,http://127.18787/appadmin,other,,,,AR,local,,,,,,,,,"December 20, 2020 12:55:03 PM"
127.0.0.1,localhost,http://127.18787/appadmin/home,other,,,,AR,local,,,,,,,,,"December 20, 2020 12:55:03 PM"
127.0.0.1,localhost,http://127.18787/appadmin,other,,,,AR,local,,,,,,,,,"December 20, 2020 12:55:04 PM"
127.0.0.1,localhost,http://127.18787/appadmin/home,other,,,,AR,local,,,,,,,,,"December 20, 2020 12:55:04 PM"
127.0.0.1,localhost,http://127.18787/appadmin,other,,,,AR,local,,,,,,,,,"December 20, 2020 12:55:04 PM"
127.0.0.1,localhost,http://127.18787/appadmin/home,other,,,,AR,local,,,,,,,,,"December 20, 2020 12:55:04 PM"
127.0.0.1,localhost,http://127.18787/appadmin/home,other,,,,AR,local,,,,,,,,,"December 20, 2020 12:55:34 PM"
127.0.0.1,localhost,http://127.18787/appadmin,other,,,,AR,local,,,,,,,,,"December 20, 2020 12:55:35 PM"
127.0.0.1,localhost,http://127.18787/appadmin/home,other,,,,AR,local,,,,,,,,,"December 20, 2020 12:55:35 PM"
127.0.0.1,localhost,http://127.18787/appadmin,other,,,,AR,local,,,,,,,,,"December 20, 2020 12:55:35 PM"
127.0.0.1,localhost,http://127.18787/appadmin/home,other,,,,AR,local,,,,,,,,,"December 20, 2020 12:55:35 PM"
127.0.0.1,localhost,http://127.18787/appadmin,other,,,,AR,local,,,,,,,,,"December 20, 2020 12:55:35 PM"
127.0.0.1,localhost,http://127.18787/appadmin/home,other,,,,AR,local,,,,,,,,,"December 20, 2020 12:55:36 PM"
127.0.0.1,localhost,http://127.18787/appadmin,other,,,,AR,local,,,,,,,,,"December 20, 2020 12:55:36 PM"
127.0.0.1,localhost,http://127.18787/appadmin/home,other,,,,AR,local,,,,,,,,,"December 20, 2020 12:55:36 PM"
127.0.0.1,localhost,http://127.18787/appadmin,other,,,,AR,local,,,,,,,,,"December 20, 2020 12:55:36 PM"
127.0.0.1,localhost,http://127.18787/appadmin/home,other,,,,AR,local,,,,,,,,,"December 20, 2020 12:55:36 PM"
127.0.0.1,localhost,http://127.18787/appadmin,other,,,,AR,local,,,,,,,,,"December 20, 2020 12:55:37 PM"
127.0.0.1,localhost,http://127.18787/appadmin/home,other,,,,AR,local,,,,,,,,,"December 20, 2020 12:55:37 PM"
127.0.0.1,localhost,http://127.18787/appadmin,other,,,,AR,local,,,,,,,,,"December 20, 2020 12:55:37 PM"
127.0.0.1,localhost,http://127.18787/appadmin/home,other,,,,AR,local,,,,,,,,,"December 20, 2020 12:55:37 PM"
127.0.0.1,localhost,http://127.18787/appadmin,other,,,,AR,local,,,,,,,,,"December 20, 2020 12:55:37 PM"
127.0.0.1,localhost,http://127.18787/appadmin/home,other,,,,AR,local,,,,,,,,,"December 20, 2020 12:55:37 PM"
127.0.0.1,localhost,http://127.18787/appadmin,other,,,,AR,local,,,,,,,,,"December 20, 2020 12:55:38 PM"
127.0.0.1,localhost,http://127.18787/appadmin/home,other,,,,AR,local,,,,,,,,,"December 20, 2020 12:55:38 PM"
127.0.0.1,localhost,http://127.18787/appadmin,other,,,,AR,local,,,,,,,,,"December 20, 2020 12:55:38 PM"
127.0.0.1,localhost,http://127.18787/appadmin,other,,,,AR,local,,,,,,,,,"December 20, 2020 12:55:40 PM"
127.0.0.1,localhost,http://127.18787/appadmin/home,other,,,,AR,local,,,,,,,,,"December 20, 2020 12:55:40 PM"
127.0.0.1,localhost,http://127.18787/appadmin/login,other,,,,AR,local,,,,,,,,,"December 20, 2020 12:55:40 PM"
127.0.0.1,localhost,http://127.18787/appadmin/login,other,,,,AR,local,,,,,,,,,"December 20, 2020 12:56:17 PM"
127.0.0.1,localhost,http://127.18787/appadmin,other,,,,AR,local,,,,,,,,,"December 20, 2020 12:56:17 PM"
127.0.0.1,localhost,http://127.18787/appadmin/home,other,,,,AR,local,,,,,,,,,"December 20, 2020 12:56:17 PM"
127.0.0.1,localhost,http://127.18787/appadmin/home,other,,,,AR,local,,,,,,,,,"December 20, 2020 01:41:06 PM"
127.0.0.1,localhost,http://127.18787/appadmin/login,other,,,,AR,local,,,,,,,,,"December 20, 2020 01:41:06 PM"
127.0.0.1,localhost,http://127.18787/appadmin/login,other,,,,AR,local,,,,,,,,,"December 20, 2020 01:41:14 PM"
127.0.0.1,localhost,http://127.18787/appadmin,other,,,,AR,local,,,,,,,,,"December 20, 2020 01:41:14 PM"
127.0.0.1,localhost,http://127.18787/appadmin/home,other,,,,AR,local,,,,,,,,,"December 20, 2020 01:41:14 PM"
127.0.0.1,localhost,http://127.18787/admin/questiondetales,other,,,,AR,local,,,,,,,,,"December 20, 2020 02:55:56 PM"
127.0.0.1,localhost,http://127.18787/appadmin/home,other,,,,AR,local,,,,,,,,,"December 20, 2020 02:55:57 PM"
127.0.0.1,localhost,http://127.18787/appadmin/login,other,,,,AR,local,,,,,,,,,"December 20, 2020 02:55:59 PM"
127.0.0.1,localhost,http://127.18787/appadmin/login,other,,,,AR,local,,,,,,,,,"December 20, 2020 02:56:11 PM"
127.0.0.1,localhost,http://127.18787/appadmin,other,,,,AR,local,,,,,,,,,"December 20, 2020 02:56:11 PM"
127.0.0.1,localhost,http://127.18787/appadmin/home,other,,,,AR,local,,,,,,,,,"December 20, 2020 02:56:11 PM"
127.0.0.1,localhost,http://127.18787/admin/questiondetales,other,,,,AR,local,,,,,,,,,"December 20, 2020 02:56:28 PM"
127.0.0.1,localhost,http://127.18787/admin/questiondetales,other,,,,AR,local,,,,,,,,,"December 20, 2020 02:56:28 PM"
127.0.0.1,localhost,http://127.18787/appadmin/home,other,,,,AR,local,,,,,,,,,"December 20, 2020 02:56:30 PM"
127.0.0.1,localhost,http://127.18478/,other,,,,AR,local,,,,,,,,,"December 21, 2020 03:21:12 PM"
127.0.0.1,localhost,http://127.18478/,other,,,,AR,local,,,,,,,,,"December 21, 2020 03:21:25 PM"
127.0.0.1,localhost,http://127.18478/appadmin,other,,,,AR,local,,,,,,,,,"December 21, 2020 03:21:31 PM"
127.0.0.1,localhost,http://127.18478/appadmin/home,other,,,,AR,local,,,,,,,,,"December 21, 2020 03:21:32 PM"
127.0.0.1,localhost,http://127.18478/appadmin/login,other,,,,AR,local,,,,,,,,,"December 21, 2020 03:21:32 PM"
127.0.0.1,localhost,http://127.18478/appadmin/login,other,,,,AR,local,,,,,,,,,"December 21, 2020 03:21:37 PM"
127.0.0.1,localhost,http://127.18478/appadmin,other,,,,AR,local,,,,,,,,,"December 21, 2020 03:21:37 PM"
127.0.0.1,localhost,http://127.18478/appadmin/home,other,,,,AR,local,,,,,,,,,"December 21, 2020 03:21:37 PM"
127.0.0.1,localhost,http://127.18478/appadmin/home,other,,,,AR,local,,,,,,,,,"December 21, 2020 03:22:51 PM"
127.0.0.1,localhost,http://127.18478/appadmin/home,other,,,,AR,local,,,,,,,,,"December 21, 2020 03:23:09 PM"
127.0.0.1,localhost,http://127.18478/appadmin/home,other,,,,AR,local,,,,,,,,,"December 21, 2020 03:23:49 PM"
127.0.0.1,localhost,http://127.18478/appadmin/home,other,,,,AR,local,,,,,,,,,"December 21, 2020 03:24:51 PM"
127.0.0.1,localhost,http://127.18478/admin/questiondetales,other,,,,AR,local,,,,,,,,,"December 21, 2020 03:24:57 PM"
127.0.0.1,localhost,http://127.18478/appadmin/home,other,,,,AR,local,,,,,,,,,"December 21, 2020 03:24:58 PM"
127.0.0.1,localhost,http://127.18478/appadmin/home,other,,,,AR,local,,,,,,,,,"December 21, 2020 03:35:10 PM"
127.0.0.1,localhost,http://127.18478/appadmin/statistic/all,other,,,,AR,local,,,,,,,,,"December 21, 2020 03:35:15 PM"
127.0.0.1,localhost,http://127.18478/appadmin/statistic/all,other,,,,AR,local,,,,,,,,,"December 21, 2020 03:35:41 PM"
127.0.0.1,localhost,http://127.18478/appadmin/statistic/all,other,,,,AR,local,,,,,,,,,"December 21, 2020 03:36:40 PM"
127.0.0.1,localhost,http://127.18478/appadmin/statistic/all,other,,,,AR,local,,,,,,,,,"December 21, 2020 03:37:06 PM"
127.0.0.1,localhost,http://127.18478/appadmin/statistic/all,other,,,,AR,local,,,,,,,,,"December 21, 2020 03:37:43 PM"
127.0.0.1,localhost,http://127.18478/appadmin/statistic/all,other,,,,AR,local,,,,,,,,,"December 21, 2020 03:39:35 PM"
127.0.0.1,localhost,http://127.18478/appadmin/statistic/all,other,,,,AR,local,,,,,,,,,"December 21, 2020 03:40:31 PM"
127.0.0.1,localhost,http://127.18478/appadmin/statistic/all,other,,,,AR,local,,,,,,,,,"December 21, 2020 03:41:15 PM"
127.0.0.1,localhost,http://127.18478/appadmin/statistic/all,other,,,,AR,local,,,,,,,,,"December 21, 2020 03:41:53 PM"
127.0.0.1,localhost,http://127.18478/appadmin/statistic/all,other,,,,AR,local,,,,,,,,,"December 21, 2020 03:42:01 PM"
127.0.0.1,localhost,http://127.18478/appadmin/home,other,,,,AR,local,,,,,,,,,"December 21, 2020 03:42:31 PM"
127.0.0.1,localhost,http://127.18478/appadmin/home,other,,,,AR,local,,,,,,,,,"December 21, 2020 03:42:50 PM"
127.0.0.1,localhost,http://127.18478/appadmin/home,other,,,,AR,local,,,,,,,,,"December 21, 2020 03:45:19 PM"
127.0.0.1,localhost,http://127.18478/appadmin/home,other,,,,AR,local,,,,,,,,,"December 21, 2020 03:45:39 PM"
127.0.0.1,localhost,http://127.18478/appadmin/home,other,,,,AR,local,,,,,,,,,"December 21, 2020 03:48:03 PM"
127.0.0.1,localhost,http://127.18478/appadmin/home,other,,,,AR,local,,,,,,,,,"December 21, 2020 03:48:21 PM"
127.0.0.1,localhost,http://127.18478/appadmin/home,other,,,,AR,local,,,,,,,,,"December 21, 2020 03:49:00 PM"
127.0.0.1,localhost,http://127.18478/appadmin/home,other,,,,AR,local,,,,,,,,,"December 21, 2020 03:49:19 PM"
127.0.0.1,localhost,http://127.18478/appadmin/home,other,,,,AR,local,,,,,,,,,"December 21, 2020 03:49:40 PM"
127.0.0.1,localhost,http://127.18478/appadmin/home,other,,,,AR,local,,,,,,,,,"December 21, 2020 03:50:07 PM"
127.0.0.1,localhost,http://127.18478/appadmin/home,other,,,,AR,local,,,,,,,,,"December 21, 2020 03:50:15 PM"
127.0.0.1,localhost,http://127.18478/appadmin/home,other,,,,AR,local,,,,,,,,,"December 21, 2020 03:50:42 PM"
127.0.0.1,localhost,http://127.18478/appadmin/home,other,,,,AR,local,,,,,,,,,"December 21, 2020 03:51:09 PM"
127.0.0.1,localhost,http://127.18478/appadmin/home,other,,,,AR,local,,,,,,,,,"December 21, 2020 03:51:56 PM"
127.0.0.1,localhost,http://127.18478/appadmin/home,other,,,,AR,local,,,,,,,,,"December 21, 2020 03:52:40 PM"
127.0.0.1,localhost,http://127.18478/appadmin/home,other,,,,AR,local,,,,,,,,,"December 21, 2020 03:55:11 PM"
127.0.0.1,localhost,http://127.18478/appadmin/home,other,,,,AR,local,,,,,,,,,"December 21, 2020 03:56:52 PM"
127.0.0.1,localhost,http://127.18478/appadmin/home,other,,,,AR,local,,,,,,,,,"December 21, 2020 03:57:19 PM"
127.0.0.1,localhost,http://127.18478/appadmin/home,other,,,,AR,local,,,,,,,,,"December 21, 2020 03:59:15 PM"
127.0.0.1,localhost,http://127.18478/appadmin/home,other,,,,AR,local,,,,,,,,,"December 21, 2020 03:59:38 PM"
127.0.0.1,localhost,http://127.18478/appadmin/home,other,,,,AR,local,,,,,,,,,"December 21, 2020 03:59:54 PM"
127.0.0.1,localhost,http://127.18478/appadmin/home,other,,,,AR,local,,,,,,,,,"December 21, 2020 04:00:49 PM"
127.0.0.1,localhost,http://127.18478/appadmin/home,other,,,,AR,local,,,,,,,,,"December 21, 2020 04:01:59 PM"
127.0.0.1,localhost,http://127.18478/appadmin/home,other,,,,AR,local,,,,,,,,,"December 21, 2020 04:02:32 PM"
127.0.0.1,localhost,http://127.18478/appadmin/home,other,,,,AR,local,,,,,,,,,"December 21, 2020 04:03:45 PM"
127.0.0.1,localhost,http://127.18478/appadmin/home,other,,,,AR,local,,,,,,,,,"December 21, 2020 04:04:39 PM"
127.0.0.1,localhost,http://127.18478/appadmin/home,other,,,,AR,local,,,,,,,,,"December 21, 2020 04:05:50 PM"
127.0.0.1,localhost,http://127.18478/appadmin/home,other,,,,AR,local,,,,,,,,,"December 21, 2020 04:07:02 PM"
127.0.0.1,localhost,http://127.18478/appadmin/home,other,,,,AR,local,,,,,,,,,"December 21, 2020 04:07:58 PM"
127.0.0.1,localhost,http://127.18478/appadmin/home,other,,,,AR,local,,,,,,,,,"December 21, 2020 04:08:47 PM"
127.0.0.1,localhost,http://127.18478/admin/questiondetales,other,,,,AR,local,,,,,,,,,"December 21, 2020 04:08:48 PM"
127.0.0.1,localhost,http://127.18478/appadmin/home,other,,,,AR,local,,,,,,,,,"December 21, 2020 04:08:50 PM"
127.0.0.1,localhost,http://127.18478/appadmin/home,other,,,,AR,local,,,,,,,,,"December 21, 2020 04:09:11 PM"
127.0.0.1,localhost,http://127.18478/appadmin/home,other,,,,AR,local,,,,,,,,,"December 21, 2020 04:09:54 PM"
127.0.0.1,localhost,http://127.18478/appadmin/home,other,,,,AR,local,,,,,,,,,"December 21, 2020 04:24:49 PM"
127.0.0.1,localhost,http://127.18478/appadmin/home,other,,,,AR,local,,,,,,,,,"December 21, 2020 04:32:20 PM"
127.0.0.1,localhost,http://127.18478/admin/students,other,,,,AR,local,,,,,,,,,"December 21, 2020 05:06:57 PM"
127.0.0.1,localhost,http://127.18478/appadmin/home,other,,,,AR,local,,,,,,,,,"December 21, 2020 05:07:00 PM"
127.0.0.1,localhost,http://127.18787/,other,,,,AR,local,,,,,,,,,"December 21, 2020 11:36:46 PM"
127.0.0.1,localhost,http://127.18787/appadmin/home,other,,,,AR,local,,,,,,,,,"December 21, 2020 11:37:00 PM"
127.0.0.1,localhost,http://127.18787/appadmin/login,other,,,,AR,local,,,,,,,,,"December 21, 2020 11:37:00 PM"
127.0.0.1,localhost,http://127.18787/appadmin/login,other,,,,AR,local,,,,,,,,,"December 21, 2020 11:37:09 PM"
127.0.0.1,localhost,http://127.18787/appadmin,other,,,,AR,local,,,,,,,,,"December 21, 2020 11:37:09 PM"
127.0.0.1,localhost,http://127.18787/appadmin/home,other,,,,AR,local,,,,,,,,,"December 21, 2020 11:37:09 PM"
127.0.0.1,localhost,http://127.18787/admin/question,other,,,,AR,local,,,,,,,,,"December 21, 2020 11:53:15 PM"
127.0.0.1,localhost,http://127.18787/appadmin/home,other,,,,AR,local,,,,,,,,,"December 21, 2020 11:53:17 PM"
127.0.0.1,localhost,http://127.18787/admin/question,other,,,,AR,local,,,,,,,,,"December 21, 2020 11:54:17 PM"
127.0.0.1,localhost,http://127.18787/appadmin/home,other,,,,AR,local,,,,,,,,,"December 21, 2020 11:54:19 PM"
127.0.0.1,localhost,http://127.18787/appadmin/home,other,,,,AR,local,,,,,,,,,"December 21, 2020 11:56:14 PM"
127.0.0.1,localhost,http://127.18787/appadmin/home,other,,,,AR,local,,,,,,,,,"December 21, 2020 11:57:21 PM"
127.0.0.1,localhost,http://127.18787/appadmin/home,other,,,,AR,local,,,,,,,,,"December 22, 2020 12:10:39 AM"
127.0.0.1,localhost,http://127.18787/appadmin/home,other,,,,AR,local,,,,,,,,,"December 22, 2020 12:16:27 AM"
127.0.0.1,localhost,http://127.18787/appadmin/home,other,,,,AR,local,,,,,,,,,"December 22, 2020 12:17:57 AM"
127.0.0.1,localhost,http://127.18787/appadmin/homepage/payment/orgs/1,other,,,,AR,local,,,,,,,,,"December 22, 2020 12:18:01 AM"
127.0.0.1,localhost,http://127.18787/appadmin/home,other,,,,AR,local,,,,,,,,,"December 22, 2020 12:28:38 AM"
127.0.0.1,localhost,http://127.18787/appadmin/home,other,,,,AR,local,,,,,,,,,"December 22, 2020 12:35:05 AM"
127.0.0.1,localhost,http://127.18787/admin/students,other,,,,AR,local,,,,,,,,,"December 22, 2020 12:35:08 AM"
127.0.0.1,localhost,http://127.18787/appadmin/home,other,,,,AR,local,,,,,,,,,"December 22, 2020 12:35:10 AM"
127.0.0.1,localhost,http://127.18787/appadmin/home,other,,,,AR,local,,,,,,,,,"December 22, 2020 12:45:50 AM"
127.0.0.1,localhost,http://127.18787/appadmin/home,other,,,,AR,local,,,,,,,,,"December 22, 2020 12:48:38 AM"
127.0.0.1,localhost,http://127.18787/appadmin/users/all,other,,,,AR,local,,,,,,,,,"December 22, 2020 12:48:40 AM"
127.0.0.1,localhost,http://127.18787/appadmin/users/all,other,,,,AR,local,,,,,,,,,"December 22, 2020 12:48:43 AM"
127.0.0.1,localhost,http://127.18787/appadmin/users/all,other,,,,AR,local,,,,,,,,,"December 22, 2020 12:49:21 AM"
127.0.0.1,localhost,http://127.18787/appadmin/users/all,other,,,,AR,local,,,,,,,,,"December 22, 2020 12:49:41 AM"
127.0.0.1,localhost,http://127.18787/appadmin/users/all,other,,,,AR,local,,,,,,,,,"December 22, 2020 12:49:48 AM"
127.0.0.1,localhost,http://127.18787/appadmin/users/all,other,,,,AR,local,,,,,,,,,"December 22, 2020 12:50:20 AM"
127.0.0.1,localhost,http://127.18787/appadmin/users/all,other,,,,AR,local,,,,,,,,,"December 22, 2020 12:52:20 AM"
127.0.0.1,localhost,http://127.18787/appadmin/users/all,other,,,,AR,local,,,,,,,,,"December 22, 2020 12:52:43 AM"
127.0.0.1,localhost,http://127.18787/appadmin/users/all,other,,,,AR,local,,,,,,,,,"December 22, 2020 12:53:12 AM"
127.0.0.1,localhost,http://127.18787/admin,other,,,,AR,local,,,,,,,,,"December 22, 2020 12:53:16 AM"
127.0.0.1,localhost,http://127.18787/appadmin/users/all,other,,,,AR,local,,,,,,,,,"December 22, 2020 12:53:23 AM"
127.0.0.1,localhost,http://127.18787/appadmin,other,,,,AR,local,,,,,,,,,"December 22, 2020 12:53:26 AM"
127.0.0.1,localhost,http://127.18787/appadmin/home,other,,,,AR,local,,,,,,,,,"December 22, 2020 12:53:27 AM"
127.0.0.1,localhost,http://127.18787/appadmin/home,other,,,,AR,local,,,,,,,,,"December 22, 2020 12:53:50 AM"
127.0.0.1,localhost,http://127.18787/appadmin/users/all,other,,,,AR,local,,,,,,,,,"December 22, 2020 12:53:53 AM"
127.0.0.1,localhost,http://127.18787/appadmin/users/all,other,,,,AR,local,,,,,,,,,"December 22, 2020 12:57:11 AM"
127.0.0.1,localhost,http://127.18787/admin/groups,other,,,,AR,local,,,,,,,,,"December 22, 2020 12:57:33 AM"
127.0.0.1,localhost,http://127.18787/appadmin/users/all,other,,,,AR,local,,,,,,,,,"December 22, 2020 01:01:55 AM"
127.0.0.1,localhost,http://127.18787/appadmin/home,other,,,,AR,local,,,,,,,,,"December 22, 2020 01:01:57 AM"
127.0.0.1,localhost,http://127.18787/appadmin/users/all,other,,,,AR,local,,,,,,,,,"December 22, 2020 01:01:59 AM"
127.0.0.1,localhost,http://127.18787/appadmin/orgs/all,other,,,,AR,local,,,,,,,,,"December 22, 2020 01:02:02 AM"
127.0.0.1,localhost,http://127.18787/appadmin/orgs/all,other,,,,AR,local,,,,,,,,,"December 22, 2020 01:02:33 AM"
127.0.0.1,localhost,http://127.18787/appadmin/users/all,other,,,,AR,local,,,,,,,,,"December 22, 2020 01:02:43 AM"
127.0.0.1,localhost,http://127.18787/appadmin/orgs/all,other,,,,AR,local,,,,,,,,,"December 22, 2020 01:02:52 AM"
127.0.0.1,localhost,http://127.18787/appadmin/orgs/all,other,,,,AR,local,,,,,,,,,"December 22, 2020 01:05:53 AM"
127.0.0.1,localhost,http://127.18787/appadmin/employee/all,other,,,,AR,local,,,,,,,,,"December 22, 2020 01:05:57 AM"
127.0.0.1,localhost,http://127.18787/appadmin/statistic/all,other,,,,AR,local,,,,,,,,,"December 22, 2020 01:06:14 AM"
127.0.0.1,localhost,http://127.18787/appadmin/employee/all,other,,,,AR,local,,,,,,,,,"December 22, 2020 01:06:20 AM"
127.0.0.1,localhost,http://127.18787/admin/settings,other,,,,AR,local,,,,,,,,,"December 22, 2020 01:06:25 AM"
127.0.0.1,localhost,http://127.18787/appadmin/employee/all,other,,,,AR,local,,,,,,,,,"December 22, 2020 01:06:27 AM"
127.0.0.1,localhost,http://127.18787/appadmin/users/all,other,,,,AR,local,,,,,,,,,"December 22, 2020 01:11:23 AM"
127.0.0.1,localhost,http://127.18787/appadmin/settings/all,other,,,,AR,local,,,,,,,,,"December 22, 2020 01:11:25 AM"
127.0.0.1,localhost,http://127.18745/,other,,,,AR,local,,,,,,,,,"December 23, 2020 09:51:04 PM"
127.0.0.1,localhost,http://127.18745/appadmin,other,,,,AR,local,,,,,,,,,"December 23, 2020 09:51:11 PM"
127.0.0.1,localhost,http://127.18745/appadmin/home,other,,,,AR,local,,,,,,,,,"December 23, 2020 09:51:13 PM"
127.0.0.1,localhost,http://127.18745/appadmin/login,other,,,,AR,local,,,,,,,,,"December 23, 2020 09:51:14 PM"
127.0.0.1,localhost,http://127.18745/appadmin,other,,,,AR,local,,,,,,,,,"December 23, 2020 09:51:14 PM"
127.0.0.1,localhost,http://127.18745/appadmin/home,other,,,,AR,local,,,,,,,,,"December 23, 2020 09:51:14 PM"
127.0.0.1,localhost,http://127.18745/appadmin/login,other,,,,AR,local,,,,,,,,,"December 23, 2020 09:51:15 PM"
127.0.0.1,localhost,http://127.18745/appadmin,other,,,,AR,local,,,,,,,,,"December 23, 2020 09:51:15 PM"
127.0.0.1,localhost,http://127.18745/appadmin/home,other,,,,AR,local,,,,,,,,,"December 23, 2020 09:51:15 PM"
127.0.0.1,localhost,http://127.18745/appadmin/login,other,,,,AR,local,,,,,,,,,"December 23, 2020 09:51:15 PM"
127.0.0.1,localhost,http://127.18745/appadmin,other,,,,AR,local,,,,,,,,,"December 23, 2020 09:51:15 PM"
127.0.0.1,localhost,http://127.18745/appadmin/home,other,,,,AR,local,,,,,,,,,"December 23, 2020 09:51:16 PM"
127.0.0.1,localhost,http://127.18745/appadmin/login,other,,,,AR,local,,,,,,,,,"December 23, 2020 09:51:16 PM"
127.0.0.1,localhost,http://127.18745/appadmin,other,,,,AR,local,,,,,,,,,"December 23, 2020 09:51:16 PM"
127.0.0.1,localhost,http://127.18745/appadmin/home,other,,,,AR,local,,,,,,,,,"December 23, 2020 09:51:17 PM"
127.0.0.1,localhost,http://127.18745/appadmin/login,other,,,,AR,local,,,,,,,,,"December 23, 2020 09:51:17 PM"
127.0.0.1,localhost,http://127.18745/appadmin,other,,,,AR,local,,,,,,,,,"December 23, 2020 09:51:18 PM"
127.0.0.1,localhost,http://127.18745/appadmin/home,other,,,,AR,local,,,,,,,,,"December 23, 2020 09:51:18 PM"
127.0.0.1,localhost,http://127.18745/appadmin/login,other,,,,AR,local,,,,,,,,,"December 23, 2020 09:51:18 PM"
127.0.0.1,localhost,http://127.18745/appadmin,other,,,,AR,local,,,,,,,,,"December 23, 2020 09:51:19 PM"
127.0.0.1,localhost,http://127.18745/appadmin/home,other,,,,AR,local,,,,,,,,,"December 23, 2020 09:51:19 PM"
127.0.0.1,localhost,http://127.18745/appadmin/home,other,,,,AR,local,,,,,,,,,"December 23, 2020 09:51:20 PM"
127.0.0.1,localhost,http://127.18745/appadmin/login,other,,,,AR,local,,,,,,,,,"December 23, 2020 09:51:22 PM"
127.0.0.1,localhost,http://127.18745/adminapp,other,,,,AR,local,,,,,,,,,"December 23, 2020 09:51:22 PM"
127.0.0.1,localhost,http://127.18745/appadmin/login,other,,,,AR,local,,,,,,,,,"December 23, 2020 09:51:54 PM"
127.0.0.1,localhost,http://127.18745/appadmin,other,,,,AR,local,,,,,,,,,"December 23, 2020 09:51:54 PM"
127.0.0.1,localhost,http://127.18745/appadmin/home,other,,,,AR,local,,,,,,,,,"December 23, 2020 09:51:54 PM"
127.0.0.1,localhost,http://127.18745/appadmin/login,other,,,,AR,local,,,,,,,,,"December 23, 2020 09:51:54 PM"
127.0.0.1,localhost,http://127.18745/appadmin,other,,,,AR,local,,,,,,,,,"December 23, 2020 09:51:55 PM"
127.0.0.1,localhost,http://127.18745/appadmin/home,other,,,,AR,local,,,,,,,,,"December 23, 2020 09:51:56 PM"
127.0.0.1,localhost,http://127.18745/appadmin/login,other,,,,AR,local,,,,,,,,,"December 23, 2020 09:51:58 PM"
127.0.0.1,localhost,http://127.18745/appadmin,other,,,,AR,local,,,,,,,,,"December 23, 2020 09:51:59 PM"
127.0.0.1,localhost,http://127.18745/appadmin/home,other,,,,AR,local,,,,,,,,,"December 23, 2020 09:51:59 PM"
127.0.0.1,localhost,http://127.18745/appadmin/login,other,,,,AR,local,,,,,,,,,"December 23, 2020 09:51:59 PM"
127.0.0.1,localhost,http://127.18745/appadmin,other,,,,AR,local,,,,,,,,,"December 23, 2020 09:52:01 PM"
127.0.0.1,localhost,http://127.18745/appadmin/home,other,,,,AR,local,,,,,,,,,"December 23, 2020 09:52:01 PM"
127.0.0.1,localhost,http://127.18745/appadmin/login,other,,,,AR,local,,,,,,,,,"December 23, 2020 09:52:02 PM"
127.0.0.1,localhost,http://127.18745/appadmin,other,,,,AR,local,,,,,,,,,"December 23, 2020 09:52:02 PM"
127.0.0.1,localhost,http://127.18745/appadmin/home,other,,,,AR,local,,,,,,,,,"December 23, 2020 09:52:03 PM"
127.0.0.1,localhost,http://127.18745/appadmin/login,other,,,,AR,local,,,,,,,,,"December 23, 2020 09:52:03 PM"
127.0.0.1,localhost,http://127.18745/appadmin,other,,,,AR,local,,,,,,,,,"December 23, 2020 09:52:05 PM"
127.0.0.1,localhost,http://127.18745/appadmin/home,other,,,,AR,local,,,,,,,,,"December 23, 2020 09:52:12 PM"
127.0.0.1,localhost,http://127.18745/appadmin/login,other,,,,AR,local,,,,,,,,,"December 23, 2020 09:52:12 PM"
127.0.0.1,localhost,http://127.18745/appadmin,other,,,,AR,local,,,,,,,,,"December 23, 2020 09:52:13 PM"
127.0.0.1,localhost,http://127.18745/appadmin/home,other,,,,AR,local,,,,,,,,,"December 23, 2020 09:52:13 PM"
127.0.0.1,localhost,http://127.18745/appadmin/login,other,,,,AR,local,,,,,,,,,"December 23, 2020 09:52:13 PM"
127.0.0.1,localhost,http://127.18745/appadmin,other,,,,AR,local,,,,,,,,,"December 23, 2020 09:52:14 PM"
127.0.0.1,localhost,http://127.18745/appadmin/home,other,,,,AR,local,,,,,,,,,"December 23, 2020 09:52:14 PM"
127.0.0.1,localhost,http://127.18745/appadmin/login,other,,,,AR,local,,,,,,,,,"December 23, 2020 09:52:14 PM"
127.0.0.1,localhost,http://127.18745/appadmin,other,,,,AR,local,,,,,,,,,"December 23, 2020 09:52:15 PM"
127.0.0.1,localhost,http://127.18745/appadmin/home,other,,,,AR,local,,,,,,,,,"December 23, 2020 09:52:16 PM"
127.0.0.1,localhost,http://127.18745/appadmin/login,other,,,,AR,local,,,,,,,,,"December 23, 2020 09:52:18 PM"
127.0.0.1,localhost,http://127.18745/appadmin,other,,,,AR,local,,,,,,,,,"December 23, 2020 09:52:19 PM"
127.0.0.1,localhost,http://127.18745/appadmin/home,other,,,,AR,local,,,,,,,,,"December 23, 2020 09:52:20 PM"
127.0.0.1,localhost,http://127.18745/appadmin/login,other,,,,AR,local,,,,,,,,,"December 23, 2020 09:52:20 PM"
127.0.0.1,localhost,http://127.18745/appadmin,other,,,,AR,local,,,,,,,,,"December 23, 2020 09:52:20 PM"
127.0.0.1,localhost,http://127.19878/,other,,,,AR,local,,,,,,,,,"December 26, 2020 11:16:32 PM"
127.0.0.1,localhost,http://127.19878/appadmin,other,,,,AR,local,,,,,,,,,"December 26, 2020 11:16:43 PM"
127.0.0.1,localhost,http://127.19878/appadmin/home,other,,,,AR,local,,,,,,,,,"December 26, 2020 11:16:43 PM"
127.0.0.1,localhost,http://127.19878/appadmin/login,other,,,,AR,local,,,,,,,,,"December 26, 2020 11:16:43 PM"
127.0.0.1,localhost,http://127.19878/appadmin/login,other,,,,AR,local,,,,,,,,,"December 26, 2020 11:16:49 PM"
127.0.0.1,localhost,http://127.19878/appadmin,other,,,,AR,local,,,,,,,,,"December 26, 2020 11:16:49 PM"
127.0.0.1,localhost,http://127.19878/appadmin/home,other,,,,AR,local,,,,,,,,,"December 26, 2020 11:16:49 PM"
127.0.0.1,localhost,http://127.19878/appadmin/statistic/all,other,,,,AR,local,,,,,,,,,"December 26, 2020 11:20:02 PM"
127.0.0.1,localhost,http://127.19878/appadmin/home,other,,,,AR,local,,,,,,,,,"December 26, 2020 11:21:29 PM"
127.0.0.1,localhost,http://127.19878/appadmin/orgs/all,other,,,,AR,local,,,,,,,,,"December 26, 2020 11:21:32 PM"
127.0.0.1,localhost,http://127.18787/,other,,,,AR,local,,,,,,,,,"December 28, 2020 02:15:42 PM"
127.0.0.1,localhost,http://127.18787/appadmin,other,,,,AR,local,,,,,,,,,"December 28, 2020 02:16:39 PM"
127.0.0.1,localhost,http://127.18787/appadmin/home,other,,,,AR,local,,,,,,,,,"December 28, 2020 02:16:39 PM"
127.0.0.1,localhost,http://127.18787/appadmin,other,,,,AR,local,,,,,,,,,"December 28, 2020 02:16:39 PM"
127.0.0.1,localhost,http://127.18787/appadmin/login,other,,,,AR,local,,,,,,,,,"December 28, 2020 02:16:39 PM"
127.0.0.1,localhost,http://127.18787/appadmin/home,other,,,,AR,local,,,,,,,,,"December 28, 2020 02:16:40 PM"
127.0.0.1,localhost,http://127.18787/appadmin/login,other,,,,AR,local,,,,,,,,,"December 28, 2020 02:16:40 PM"
127.0.0.1,localhost,http://127.18787/appadmin/login,other,,,,AR,local,,,,,,,,,"December 28, 2020 02:16:45 PM"
127.0.0.1,localhost,http://127.18787/appadmin,other,,,,AR,local,,,,,,,,,"December 28, 2020 02:16:45 PM"
127.0.0.1,localhost,http://127.18787/appadmin/home,other,,,,AR,local,,,,,,,,,"December 28, 2020 02:16:46 PM"
127.0.0.1,localhost,http://127.18787//org/homepage,other,,,,AR,local,,,,,,,,,"December 28, 2020 02:52:55 PM"
127.0.0.1,localhost,http://127.18787/org/homepage,other,,,,AR,local,,,,,,,,,"December 28, 2020 02:53:03 PM"
127.0.0.1,localhost,http://127.18787/appadmin/login,other,,,,AR,local,,,,,,,,,"December 28, 2020 02:53:03 PM"
127.0.0.1,localhost,http://127.18787/appadmin,other,,,,AR,local,,,,,,,,,"December 28, 2020 02:53:03 PM"
127.0.0.1,localhost,http://127.18787/appadmin/home,other,,,,AR,local,,,,,,,,,"December 28, 2020 02:53:03 PM"
127.0.0.1,localhost,http://127.18787/org/homepage,other,,,,AR,local,,,,,,,,,"December 28, 2020 02:59:41 PM"
127.0.0.1,localhost,http://127.18787/org/login,other,,,,AR,local,,,,,,,,,"December 28, 2020 02:59:41 PM"
127.0.0.1,localhost,http://127.18787/org/homepage,other,,,,AR,local,,,,,,,,,"December 28, 2020 03:00:57 PM"
127.0.0.1,localhost,http://127.18787/org/homepage,other,,,,AR,local,,,,,,,,,"December 28, 2020 03:16:12 PM"
127.0.0.1,localhost,http://127.18787/appadmin/users/all,other,,,,AR,local,,,,,,,,,"December 28, 2020 03:16:25 PM"
127.0.0.1,localhost,http://127.18787/appadmin/login,other,,,,AR,local,,,,,,,,,"December 28, 2020 03:16:25 PM"
127.0.0.1,localhost,http://127.18787/appadmin,other,,,,AR,local,,,,,,,,,"December 28, 2020 03:16:26 PM"
127.0.0.1,localhost,http://127.18787/appadmin/home,other,,,,AR,local,,,,,,,,,"December 28, 2020 03:16:26 PM"
127.0.0.1,localhost,http://127.18787/appadmin/login,other,,,,AR,local,,,,,,,,,"December 28, 2020 03:16:26 PM"
127.0.0.1,localhost,http://127.18787/appadmin,other,,,,AR,local,,,,,,,,,"December 28, 2020 03:16:26 PM"
127.0.0.1,localhost,http://127.18787/appadmin/home,other,,,,AR,local,,,,,,,,,"December 28, 2020 03:16:27 PM"
127.0.0.1,localhost,http://127.18787/appadmin/login,other,,,,AR,local,,,,,,,,,"December 28, 2020 03:16:27 PM"
127.0.0.1,localhost,http://127.18787/appadmin,other,,,,AR,local,,,,,,,,,"December 28, 2020 03:16:27 PM"
127.0.0.1,localhost,http://127.18787/appadmin/users/all,other,,,,AR,local,,,,,,,,,"December 28, 2020 03:16:27 PM"
127.0.0.1,localhost,http://127.18787/appadmin/login,other,,,,AR,local,,,,,,,,,"December 28, 2020 03:16:27 PM"
127.0.0.1,localhost,http://127.18787/appadmin,other,,,,AR,local,,,,,,,,,"December 28, 2020 03:16:28 PM"
127.0.0.1,localhost,http://127.18787/appadmin/home,other,,,,AR,local,,,,,,,,,"December 28, 2020 03:16:28 PM"
127.0.0.1,localhost,http://127.18787/appadmin/login,other,,,,AR,local,,,,,,,,,"December 28, 2020 03:16:28 PM"
127.0.0.1,localhost,http://127.18787/appadmin,other,,,,AR,local,,,,,,,,,"December 28, 2020 03:16:28 PM"
127.0.0.1,localhost,http://127.18787/appadmin/home,other,,,,AR,local,,,,,,,,,"December 28, 2020 03:16:28 PM"
127.0.0.1,localhost,http://127.18787/appadmin/login,other,,,,AR,local,,,,,,,,,"December 28, 2020 03:16:29 PM"
127.0.0.1,localhost,http://127.18787/appadmin,other,,,,AR,local,,,,,,,,,"December 28, 2020 03:16:29 PM"
127.0.0.1,localhost,http://127.18787/appadmin/home,other,,,,AR,local,,,,,,,,,"December 28, 2020 03:16:29 PM"
127.0.0.1,localhost,http://127.18787/appadmin/login,other,,,,AR,local,,,,,,,,,"December 28, 2020 03:16:29 PM"
127.0.0.1,localhost,http://127.18787/appadmin,other,,,,AR,local,,,,,,,,,"December 28, 2020 03:16:29 PM"
127.0.0.1,localhost,http://127.18787/appadmin/home,other,,,,AR,local,,,,,,,,,"December 28, 2020 03:16:29 PM"
127.0.0.1,localhost,http://127.18787/appadmin/login,other,,,,AR,local,,,,,,,,,"December 28, 2020 03:16:30 PM"
127.0.0.1,localhost,http://127.18787/appadmin,other,,,,AR,local,,,,,,,,,"December 28, 2020 03:16:30 PM"
127.0.0.1,localhost,http://127.18787/appadmin/home,other,,,,AR,local,,,,,,,,,"December 28, 2020 03:16:30 PM"
127.0.0.1,localhost,http://127.18787/appadmin/login,other,,,,AR,local,,,,,,,,,"December 28, 2020 03:16:30 PM"
127.0.0.1,localhost,http://127.18787/appadmin,other,,,,AR,local,,,,,,,,,"December 28, 2020 03:16:30 PM"
127.0.0.1,localhost,http://127.18787/appadmin/home,other,,,,AR,local,,,,,,,,,"December 28, 2020 03:16:31 PM"
127.0.0.1,localhost,http://127.18787/appadmin/login,other,,,,AR,local,,,,,,,,,"December 28, 2020 03:16:31 PM"
127.0.0.1,localhost,http://127.18787/appadmin/login,other,,,,AR,local,,,,,,,,,"December 28, 2020 03:16:32 PM"
127.0.0.1,localhost,http://127.18787/appadmin,other,,,,AR,local,,,,,,,,,"December 28, 2020 03:16:32 PM"
127.0.0.1,localhost,http://127.18787/appadmin/home,other,,,,AR,local,,,,,,,,,"December 28, 2020 03:16:33 PM"
127.0.0.1,localhost,http://127.18787/appadmin/login,other,,,,AR,local,,,,,,,,,"December 28, 2020 03:16:33 PM"
127.0.0.1,localhost,http://127.18787/appadmin,other,,,,AR,local,,,,,,,,,"December 28, 2020 03:16:33 PM"
127.0.0.1,localhost,http://127.18787/appadmin/home,other,,,,AR,local,,,,,,,,,"December 28, 2020 03:16:33 PM"
127.0.0.1,localhost,http://127.18787/appadmin/login,other,,,,AR,local,,,,,,,,,"December 28, 2020 03:16:33 PM"
127.0.0.1,localhost,http://127.18787/appadmin,other,,,,AR,local,,,,,,,,,"December 28, 2020 03:16:34 PM"
127.0.0.1,localhost,http://127.18787/appadmin/home,other,,,,AR,local,,,,,,,,,"December 28, 2020 03:16:34 PM"
127.0.0.1,localhost,http://127.18787/appadmin/login,other,,,,AR,local,,,,,,,,,"December 28, 2020 03:16:34 PM"
127.0.0.1,localhost,http://127.18787/appadmin,other,,,,AR,local,,,,,,,,,"December 28, 2020 03:16:34 PM"
127.0.0.1,localhost,http://127.18787/appadmin/home,other,,,,AR,local,,,,,,,,,"December 28, 2020 03:16:34 PM"
127.0.0.1,localhost,http://127.18787/appadmin/login,other,,,,AR,local,,,,,,,,,"December 28, 2020 03:16:35 PM"
127.0.0.1,localhost,http://127.18787/appadmin,other,,,,AR,local,,,,,,,,,"December 28, 2020 03:16:35 PM"
127.0.0.1,localhost,http://127.18787/appadmin/home,other,,,,AR,local,,,,,,,,,"December 28, 2020 03:16:35 PM"
127.0.0.1,localhost,http://127.18787/appadmin/login,other,,,,AR,local,,,,,,,,,"December 28, 2020 03:16:35 PM"
127.0.0.1,localhost,http://127.18787/appadmin,other,,,,AR,local,,,,,,,,,"December 28, 2020 03:16:35 PM"
127.0.0.1,localhost,http://127.18787/appadmin/home,other,,,,AR,local,,,,,,,,,"December 28, 2020 03:16:36 PM"
127.0.0.1,localhost,http://127.18787/appadmin/login,other,,,,AR,local,,,,,,,,,"December 28, 2020 03:16:36 PM"
127.0.0.1,localhost,http://127.18787/appadmin,other,,,,AR,local,,,,,,,,,"December 28, 2020 03:16:36 PM"
127.0.0.1,localhost,http://127.18787/appadmin,other,,,,AR,local,,,,,,,,,"December 28, 2020 03:16:41 PM"
127.0.0.1,localhost,http://127.18787/appadmin/home,other,,,,AR,local,,,,,,,,,"December 28, 2020 03:16:42 PM"
127.0.0.1,localhost,http://127.18787/appadmin/login,other,,,,AR,local,,,,,,,,,"December 28, 2020 03:16:42 PM"
127.0.0.1,localhost,http://127.18787/appadmin,other,,,,AR,local,,,,,,,,,"December 28, 2020 03:16:42 PM"
127.0.0.1,localhost,http://127.18787/appadmin/home,other,,,,AR,local,,,,,,,,,"December 28, 2020 03:16:42 PM"
127.0.0.1,localhost,http://127.18787/appadmin/login,other,,,,AR,local,,,,,,,,,"December 28, 2020 03:16:42 PM"
127.0.0.1,localhost,http://127.18787/appadmin,other,,,,AR,local,,,,,,,,,"December 28, 2020 03:16:43 PM"
127.0.0.1,localhost,http://127.18787/appadmin/home,other,,,,AR,local,,,,,,,,,"December 28, 2020 03:16:43 PM"
127.0.0.1,localhost,http://127.18787/appadmin/login,other,,,,AR,local,,,,,,,,,"December 28, 2020 03:16:43 PM"
127.0.0.1,localhost,http://127.18787/appadmin,other,,,,AR,local,,,,,,,,,"December 28, 2020 03:16:43 PM"
127.0.0.1,localhost,http://127.18787/appadmin/home,other,,,,AR,local,,,,,,,,,"December 28, 2020 03:16:44 PM"
127.0.0.1,localhost,http://127.18787/appadmin/login,other,,,,AR,local,,,,,,,,,"December 28, 2020 03:16:44 PM"
127.0.0.1,localhost,http://127.18787/appadmin,other,,,,AR,local,,,,,,,,,"December 28, 2020 03:16:44 PM"
127.0.0.1,localhost,http://127.18787/appadmin/home,other,,,,AR,local,,,,,,,,,"December 28, 2020 03:16:44 PM"
127.0.0.1,localhost,http://127.18787/appadmin/login,other,,,,AR,local,,,,,,,,,"December 28, 2020 03:16:44 PM"
127.0.0.1,localhost,http://127.18787/appadmin,other,,,,AR,local,,,,,,,,,"December 28, 2020 03:16:44 PM"
127.0.0.1,localhost,http://127.18787/appadmin/home,other,,,,AR,local,,,,,,,,,"December 28, 2020 03:16:45 PM"
127.0.0.1,localhost,http://127.18787/appadmin/login,other,,,,AR,local,,,,,,,,,"December 28, 2020 03:16:45 PM"
127.0.0.1,localhost,http://127.18787/appadmin,other,,,,AR,local,,,,,,,,,"December 28, 2020 03:16:45 PM"
127.0.0.1,localhost,http://127.18787/appadmin/home,other,,,,AR,local,,,,,,,,,"December 28, 2020 03:16:45 PM"
127.0.0.1,localhost,http://127.18787/appadmin/home,other,,,,AR,local,,,,,,,,,"December 28, 2020 03:17:16 PM"
127.0.0.1,localhost,http://127.18787/appadmin/login,other,,,,AR,local,,,,,,,,,"December 28, 2020 03:17:16 PM"
127.0.0.1,localhost,http://127.18787/appadmin,other,,,,AR,local,,,,,,,,,"December 28, 2020 03:17:16 PM"
127.0.0.1,localhost,http://127.18787/appadmin/home,other,,,,AR,local,,,,,,,,,"December 28, 2020 03:17:16 PM"
127.0.0.1,localhost,http://127.18787/appadmin/login,other,,,,AR,local,,,,,,,,,"December 28, 2020 03:17:16 PM"
127.0.0.1,localhost,http://127.18787/appadmin,other,,,,AR,local,,,,,,,,,"December 28, 2020 03:17:17 PM"
127.0.0.1,localhost,http://127.18787/appadmin/home,other,,,,AR,local,,,,,,,,,"December 28, 2020 03:17:17 PM"
127.0.0.1,localhost,http://127.18787/appadmin/login,other,,,,AR,local,,,,,,,,,"December 28, 2020 03:17:17 PM"
127.0.0.1,localhost,http://127.18787/appadmin,other,,,,AR,local,,,,,,,,,"December 28, 2020 03:17:17 PM"
127.0.0.1,localhost,http://127.18787/appadmin/home,other,,,,AR,local,,,,,,,,,"December 28, 2020 03:17:17 PM"
127.0.0.1,localhost,http://127.18787/appadmin/login,other,,,,AR,local,,,,,,,,,"December 28, 2020 03:17:17 PM"
127.0.0.1,localhost,http://127.18787/appadmin,other,,,,AR,local,,,,,,,,,"December 28, 2020 03:17:18 PM"
127.0.0.1,localhost,http://127.18787/appadmin/home,other,,,,AR,local,,,,,,,,,"December 28, 2020 03:17:18 PM"
127.0.0.1,localhost,http://127.18787/appadmin/login,other,,,,AR,local,,,,,,,,,"December 28, 2020 03:17:18 PM"
127.0.0.1,localhost,http://127.18787/appadmin,other,,,,AR,local,,,,,,,,,"December 28, 2020 03:17:18 PM"
127.0.0.1,localhost,http://127.18787/appadmin/home,other,,,,AR,local,,,,,,,,,"December 28, 2020 03:17:18 PM"
127.0.0.1,localhost,http://127.18787/appadmin/login,other,,,,AR,local,,,,,,,,,"December 28, 2020 03:17:19 PM"
127.0.0.1,localhost,http://127.18787/appadmin,other,,,,AR,local,,,,,,,,,"December 28, 2020 03:17:19 PM"
127.0.0.1,localhost,http://127.18787/appadmin/home,other,,,,AR,local,,,,,,,,,"December 28, 2020 03:17:19 PM"
127.0.0.1,localhost,http://127.18787/appadmin/login,other,,,,AR,local,,,,,,,,,"December 28, 2020 03:17:19 PM"
127.0.0.1,localhost,http://127.18787/org/homepage,other,,,,AR,local,,,,,,,,,"December 28, 2020 03:17:31 PM"
127.0.0.1,localhost,http://127.18787/org/about,other,,,,AR,local,,,,,,,,,"December 28, 2020 03:17:34 PM"
127.0.0.1,localhost,http://127.18787/org/about,other,,,,AR,local,,,,,,,,,"December 28, 2020 03:22:35 PM"
127.0.0.1,localhost,http://127.18787/org/homepage,other,,,,AR,local,,,,,,,,,"December 28, 2020 03:22:39 PM"
127.0.0.1,localhost,http://127.18787/org/about,other,,,,AR,local,,,,,,,,,"December 28, 2020 03:22:41 PM"
127.0.0.1,localhost,http://127.18787/org/contact,other,,,,AR,local,,,,,,,,,"December 28, 2020 03:22:43 PM"
127.0.0.1,localhost,http://127.18787/org/permissions,other,,,,AR,local,,,,,,,,,"December 28, 2020 03:22:44 PM"
127.0.0.1,localhost,http://127.18787/org/permissions,other,,,,AR,local,,,,,,,,,"December 28, 2020 03:23:43 PM"
127.0.0.1,localhost,http://127.18787/org/employees,other,,,,AR,local,,,,,,,,,"December 28, 2020 03:23:46 PM"
127.0.0.1,localhost,http://127.18787/org/events,other,,,,AR,local,,,,,,,,,"December 28, 2020 03:23:48 PM"
127.0.0.1,localhost,http://127.18787/org/tickets,other,,,,AR,local,,,,,,,,,"December 28, 2020 03:23:50 PM"
127.0.0.1,localhost,http://127.18787/org/membership,other,,,,AR,local,,,,,,,,,"December 28, 2020 03:23:51 PM"
127.0.0.1,localhost,http://127.18787/org/statistic,other,,,,AR,local,,,,,,,,,"December 28, 2020 03:23:53 PM"
127.0.0.1,localhost,http://127.18787/org/homepage,other,,,,AR,local,,,,,,,,,"December 28, 2020 03:24:10 PM"
127.0.0.1,localhost,http://127.18787/org/settings,other,,,,AR,local,,,,,,,,,"December 28, 2020 03:24:12 PM"
127.0.0.1,localhost,http://127.18787/org/homepage,other,,,,AR,local,,,,,,,,,"December 28, 2020 03:24:21 PM"
127.0.0.1,localhost,http://127.18787/org/homepage,other,,,,AR,local,,,,,,,,,"December 28, 2020 04:11:32 PM"
127.0.0.1,localhost,http://127.18787/org/homepage,other,,,,AR,local,,,,,,,,,"December 28, 2020 04:12:54 PM"
127.0.0.1,localhost,http://127.18787/org/homepage,other,,,,AR,local,,,,,,,,,"December 28, 2020 04:13:40 PM"
127.0.0.1,localhost,http://127.18787/org/homepage,other,,,,AR,local,,,,,,,,,"December 28, 2020 04:19:40 PM"
127.0.0.1,localhost,http://127.18787/org/about,other,,,,AR,local,,,,,,,,,"December 28, 2020 04:21:35 PM"
127.0.0.1,localhost,http://127.18787/org/about,other,,,,AR,local,,,,,,,,,"December 28, 2020 04:22:04 PM"
127.0.0.1,localhost,http://127.18787/org/contact,other,,,,AR,local,,,,,,,,,"December 28, 2020 04:22:11 PM"
127.0.0.1,localhost,http://127.18787/org/events,other,,,,AR,local,,,,,,,,,"December 28, 2020 04:26:03 PM"
127.0.0.1,localhost,http://127.18787/org/member,other,,,,AR,local,,,,,,,,,"December 28, 2020 04:28:39 PM"
127.0.0.1,localhost,http://127.18787/org/notification,other,,,,AR,local,,,,,,,,,"December 28, 2020 04:29:21 PM"
127.0.0.1,localhost,http://127.18787/org/notification,other,,,,AR,local,,,,,,,,,"December 28, 2020 04:32:11 PM"
127.0.0.1,localhost,http://127.18787/org/member,other,,,,AR,local,,,,,,,,,"December 28, 2020 04:32:16 PM"
127.0.0.1,localhost,http://127.18787/org/homepage,other,,,,AR,local,,,,,,,,,"December 28, 2020 04:32:18 PM"
127.0.0.1,localhost,http://127.18787/org/about,other,,,,AR,local,,,,,,,,,"December 28, 2020 04:32:22 PM"
127.0.0.1,localhost,http://127.18787/org/contact,other,,,,AR,local,,,,,,,,,"December 28, 2020 04:32:24 PM"
127.0.0.1,localhost,http://127.18787/org/employees,other,,,,AR,local,,,,,,,,,"December 28, 2020 04:32:25 PM"
